,Accuracy,Precision,Recall,F1-Score,ROC-AUC,PR-AUC,Train Time (s),Inference Time (s)
Decision Tree,0.8758064516129033,0.8856382978723404,0.9073569482288828,0.8963660834454913,0.8692098092643051,0.8717858435244175,0.012,0.003
Naive Bayes (Gaussian),0.8741935483870967,0.8873994638069705,0.9019073569482289,0.8945945945945946,0.8698183110575006,0.8694528952005778,0.002,0.003
k-NN (k=7),0.85,0.8784530386740331,0.8664850136239782,0.8724279835390947,0.8645921960991265,0.8889624110906873,0.01,0.092
